PHOTOKANOKDLC006/ID00000,/ID00000,0,Uncompress,,""
PHOTOKANOKDLC006/ID00001,/ID00001,1,Uncompress,,""
PHOTOKANOKDLC006/ID00002,/ID00002,2,Uncompress,,""
PHOTOKANOKDLC006/ID00003,/ID00003,3,Uncompress,,""
PHOTOKANOKDLC006/ID00004,/ID00004,4,Uncompress,,""
PHOTOKANOKDLC006/ID00005,/ID00005,5,Uncompress,,""
PHOTOKANOKDLC006/ID00006,/ID00006,6,Uncompress,,""
PHOTOKANOKDLC006/ID00007,/ID00007,7,Uncompress,,""
PHOTOKANOKDLC006/ID00008,/ID00008,8,Uncompress,,""
PHOTOKANOKDLC006/ID00009,/ID00009,9,Uncompress,,""
PHOTOKANOKDLC006/ID00010,/ID00010,10,Uncompress,,""
PHOTOKANOKDLC006/ID00011,/ID00011,11,Uncompress,,""
PHOTOKANOKDLC006/ID00012,/ID00012,12,Uncompress,,""
PHOTOKANOKDLC006/ID00013,/ID00013,13,Uncompress,,""
PHOTOKANOKDLC006/ID00014,/ID00014,14,Uncompress,,""
PHOTOKANOKDLC006/ID00015,/ID00015,15,Uncompress,,""
PHOTOKANOKDLC006/ID00016,/ID00016,16,Uncompress,,""
PHOTOKANOKDLC006/ID00017,/ID00017,17,Uncompress,,""
PHOTOKANOKDLC006/ID00018,/ID00018,18,Uncompress,,""
PHOTOKANOKDLC006/ID00019,/ID00019,19,Uncompress,,""
PHOTOKANOKDLC006/ID00020,/ID00020,20,Uncompress,,""
PHOTOKANOKDLC006/ID00021,/ID00021,21,Uncompress,,""
PHOTOKANOKDLC006/ID00022,/ID00022,22,Uncompress,,""
PHOTOKANOKDLC006/ID00027,/ID00027,27,Uncompress,,""
PHOTOKANOKDLC006/ID00028,/ID00028,28,Uncompress,,""
PHOTOKANOKDLC006/ID00029,/ID00029,29,Uncompress,,""
PHOTOKANOKDLC006/ID00030,/ID00030,30,Uncompress,,""
PHOTOKANOKDLC006/ID00035,/ID00035,35,Uncompress,,""
PHOTOKANOKDLC006/ID00036,/ID00036,36,Uncompress,,""
PHOTOKANOKDLC006/ID00039,/ID00039,39,Uncompress,,""
PHOTOKANOKDLC006/ID00040,/ID00040,40,Uncompress,,""
PHOTOKANOKDLC006/ID00041,/ID00041,41,Uncompress,,""
PHOTOKANOKDLC006/ID00042,/ID00042,42,Uncompress,,""
PHOTOKANOKDLC006/ID00043,/ID00043,43,Uncompress,,""
PHOTOKANOKDLC006/ID00044,/ID00044,44,Uncompress,,""
PHOTOKANOKDLC006/ID00053,/ID00053,53,Uncompress,,""
PHOTOKANOKDLC006/ID00054,/ID00054,54,Uncompress,,""
PHOTOKANOKDLC006/ID00055,/ID00055,55,Uncompress,,""
PHOTOKANOKDLC006/ID00056,/ID00056,56,Uncompress,,""
PHOTOKANOKDLC006/ID00060,/ID00060,60,Uncompress,,""
PHOTOKANOKDLC006/ID00061,/ID00061,61,Uncompress,,""
PHOTOKANOKDLC006/ID00062,/ID00062,62,Uncompress,,""
PHOTOKANOKDLC006/ID00063,/ID00063,63,Uncompress,,""
PHOTOKANOKDLC006/ID00064,/ID00064,64,Uncompress,,""
PHOTOKANOKDLC006/ID00065,/ID00065,65,Uncompress,,""
PHOTOKANOKDLC006/ID00066,/ID00066,66,Uncompress,,""
PHOTOKANOKDLC006/ID00067,/ID00067,67,Uncompress,,""
PHOTOKANOKDLC006/ID00068,/ID00068,68,Uncompress,,""
PHOTOKANOKDLC006/ID00069,/ID00069,69,Uncompress,,""
PHOTOKANOKDLC006/ID00070,/ID00070,70,Uncompress,,""
PHOTOKANOKDLC006/ID00071,/ID00071,71,Uncompress,,""
PHOTOKANOKDLC006/ID00072,/ID00072,72,Uncompress,,""
PHOTOKANOKDLC006/ID00073,/ID00073,73,Uncompress,,""
PHOTOKANOKDLC006/ID00074,/ID00074,74,Uncompress,,""
PHOTOKANOKDLC006/ID00075,/ID00075,75,Uncompress,,""
PHOTOKANOKDLC006/ID00076,/ID00076,76,Uncompress,,""
PHOTOKANOKDLC006/ID00077,/ID00077,77,Uncompress,,""
PHOTOKANOKDLC006/ID00078,/ID00078,78,Uncompress,,""
PHOTOKANOKDLC006/ID00079,/ID00079,79,Uncompress,,""
PHOTOKANOKDLC006/ID00080,/ID00080,80,Uncompress,,""
PHOTOKANOKDLC006/ID00081,/ID00081,81,Uncompress,,""
PHOTOKANOKDLC006/ID00082,/ID00082,82,Uncompress,,""
PHOTOKANOKDLC006/ID00083,/ID00083,83,Uncompress,,""
PHOTOKANOKDLC006/ID00084,/ID00084,84,Uncompress,,""
PHOTOKANOKDLC006/ID00085,/ID00085,85,Uncompress,,""
PHOTOKANOKDLC006/ID00086,/ID00086,86,Uncompress,,""
PHOTOKANOKDLC006/ID00087,/ID00087,87,Uncompress,,""
PHOTOKANOKDLC006/ID00088,/ID00088,88,Uncompress,,""
PHOTOKANOKDLC006/ID00089,/ID00089,89,Uncompress,,""
PHOTOKANOKDLC006/ID00090,/ID00090,90,Uncompress,,""
PHOTOKANOKDLC006/ID00091,/ID00091,91,Uncompress,,""
PHOTOKANOKDLC006/ID00092,/ID00092,92,Uncompress,,""
PHOTOKANOKDLC006/ID00093,/ID00093,93,Uncompress,,""
PHOTOKANOKDLC006/ID00094,/ID00094,94,Uncompress,,""
PHOTOKANOKDLC006/ID00095,/ID00095,95,Uncompress,,""
PHOTOKANOKDLC006/ID00096,/ID00096,96,Uncompress,,""
PHOTOKANOKDLC006/ID00097,/ID00097,97,Uncompress,,""
PHOTOKANOKDLC006/ID00098,/ID00098,98,Uncompress,,""
PHOTOKANOKDLC006/ID00099,/ID00099,99,Uncompress,,""
PHOTOKANOKDLC006/ID00100,/ID00100,100,Uncompress,,""
PHOTOKANOKDLC006/ID00101,/ID00101,101,Uncompress,,""
PHOTOKANOKDLC006/ID00102,/ID00102,102,Uncompress,,""
PHOTOKANOKDLC006/ID00103,/ID00103,103,Uncompress,,""
PHOTOKANOKDLC006/ID00104,/ID00104,104,Uncompress,,""
PHOTOKANOKDLC006/ID00105,/ID00105,105,Uncompress,,""
PHOTOKANOKDLC006/ID00106,/ID00106,106,Uncompress,,""
PHOTOKANOKDLC006/ID00107,/ID00107,107,Uncompress,,""
PHOTOKANOKDLC006/ID00108,/ID00108,108,Uncompress,,""
PHOTOKANOKDLC006/ID00109,/ID00109,109,Uncompress,,""
PHOTOKANOKDLC006/ID00110,/ID00110,110,Uncompress,,""
PHOTOKANOKDLC006/ID00111,/ID00111,111,Uncompress,,""
PHOTOKANOKDLC006/ID00112,/ID00112,112,Uncompress,,""
PHOTOKANOKDLC006/ID00113,/ID00113,113,Uncompress,,""
PHOTOKANOKDLC006/ID00114,/ID00114,114,Uncompress,,""
PHOTOKANOKDLC006/ID00115,/ID00115,115,Uncompress,,""
PHOTOKANOKDLC006/ID00116,/ID00116,116,Uncompress,,""
PHOTOKANOKDLC006/ID00117,/ID00117,117,Uncompress,,""
PHOTOKANOKDLC006/ID00118,/ID00118,118,Uncompress,,""
PHOTOKANOKDLC006/ID00119,/ID00119,119,Uncompress,,""
PHOTOKANOKDLC006/ID00120,/ID00120,120,Uncompress,,""
PHOTOKANOKDLC006/ID00121,/ID00121,121,Uncompress,,""
PHOTOKANOKDLC006/ID00122,/ID00122,122,Uncompress,,""
PHOTOKANOKDLC006/ID00123,/ID00123,123,Uncompress,,""
PHOTOKANOKDLC006/ID00124,/ID00124,124,Uncompress,,""
PHOTOKANOKDLC006/ID00125,/ID00125,125,Uncompress,,""
PHOTOKANOKDLC006/ID00126,/ID00126,126,Uncompress,,""
PHOTOKANOKDLC006/ID00127,/ID00127,127,Uncompress,,""
PHOTOKANOKDLC006/ID00128,/ID00128,128,Uncompress,,""
PHOTOKANOKDLC006/ID00129,/ID00129,129,Uncompress,,""
PHOTOKANOKDLC006/ID00130,/ID00130,130,Uncompress,,""
PHOTOKANOKDLC006/ID00131,/ID00131,131,Uncompress,,""
PHOTOKANOKDLC006/ID00132,/ID00132,132,Uncompress,,""
PHOTOKANOKDLC006/ID00133,/ID00133,133,Uncompress,,""
PHOTOKANOKDLC006/ID00134,/ID00134,134,Uncompress,,""
PHOTOKANOKDLC006/ID00135,/ID00135,135,Uncompress,,""
PHOTOKANOKDLC006/ID00136,/ID00136,136,Uncompress,,""
PHOTOKANOKDLC006/ID00137,/ID00137,137,Uncompress,,""
PHOTOKANOKDLC006/ID00138,/ID00138,138,Uncompress,,""
PHOTOKANOKDLC006/ID00139,/ID00139,139,Uncompress,,""
PHOTOKANOKDLC006/ID00140,/ID00140,140,Uncompress,,""
PHOTOKANOKDLC006/ID00141,/ID00141,141,Uncompress,,""
PHOTOKANOKDLC006/ID00142,/ID00142,142,Uncompress,,""
PHOTOKANOKDLC006/ID00143,/ID00143,143,Uncompress,,""
PHOTOKANOKDLC006/ID00144,/ID00144,144,Uncompress,,""
PHOTOKANOKDLC006/ID00145,/ID00145,145,Uncompress,,""
PHOTOKANOKDLC006/ID00146,/ID00146,146,Uncompress,,""
PHOTOKANOKDLC006/ID00147,/ID00147,147,Uncompress,,""
PHOTOKANOKDLC006/ID00148,/ID00148,148,Uncompress,,""
PHOTOKANOKDLC006/ID00149,/ID00149,149,Uncompress,,""
PHOTOKANOKDLC006/ID00150,/ID00150,150,Uncompress,,""
PHOTOKANOKDLC006/ID00151,/ID00151,151,Uncompress,,""
PHOTOKANOKDLC006/ID00152,/ID00152,152,Uncompress,,""
PHOTOKANOKDLC006/ID00153,/ID00153,153,Uncompress,,""
PHOTOKANOKDLC006/ID00154,/ID00154,154,Uncompress,,""
PHOTOKANOKDLC006/ID00155,/ID00155,155,Uncompress,,""
PHOTOKANOKDLC006/ID00156,/ID00156,156,Uncompress,,""
PHOTOKANOKDLC006/ID00157,/ID00157,157,Uncompress,,""
PHOTOKANOKDLC006/ID00158,/ID00158,158,Uncompress,,""
PHOTOKANOKDLC006/ID00159,/ID00159,159,Uncompress,,""
PHOTOKANOKDLC006/ID00160,/ID00160,160,Uncompress,,""
PHOTOKANOKDLC006/ID00161,/ID00161,161,Uncompress,,""
PHOTOKANOKDLC006/ID00162,/ID00162,162,Uncompress,,""
PHOTOKANOKDLC006/ID00163,/ID00163,163,Uncompress,,""
PHOTOKANOKDLC006/ID00164,/ID00164,164,Uncompress,,""
PHOTOKANOKDLC006/ID00165,/ID00165,165,Uncompress,,""
PHOTOKANOKDLC006/ID00166,/ID00166,166,Uncompress,,""
PHOTOKANOKDLC006/ID00167,/ID00167,167,Uncompress,,""
PHOTOKANOKDLC006/ID00168,/ID00168,168,Uncompress,,""
PHOTOKANOKDLC006/ID00169,/ID00169,169,Uncompress,,""
PHOTOKANOKDLC006/ID00170,/ID00170,170,Uncompress,,""
PHOTOKANOKDLC006/ID00171,/ID00171,171,Uncompress,,""
PHOTOKANOKDLC006/ID00172,/ID00172,172,Uncompress,,""
PHOTOKANOKDLC006/ID00173,/ID00173,173,Uncompress,,""
PHOTOKANOKDLC006/ID00174,/ID00174,174,Uncompress,,""
PHOTOKANOKDLC006/ID00175,/ID00175,175,Uncompress,,""
PHOTOKANOKDLC006/ID00176,/ID00176,176,Uncompress,,""
PHOTOKANOKDLC006/ID00177,/ID00177,177,Uncompress,,""
PHOTOKANOKDLC006/ID00178,/ID00178,178,Uncompress,,""
PHOTOKANOKDLC006/ID00179,/ID00179,179,Uncompress,,""
PHOTOKANOKDLC006/ID00180,/ID00180,180,Uncompress,,""
PHOTOKANOKDLC006/ID00181,/ID00181,181,Uncompress,,""
PHOTOKANOKDLC006/ID00182,/ID00182,182,Uncompress,,""
PHOTOKANOKDLC006/ID00183,/ID00183,183,Uncompress,,""
PHOTOKANOKDLC006/ID00184,/ID00184,184,Uncompress,,""
PHOTOKANOKDLC006/ID00185,/ID00185,185,Uncompress,,""
PHOTOKANOKDLC006/ID00186,/ID00186,186,Uncompress,,""
PHOTOKANOKDLC006/ID00187,/ID00187,187,Uncompress,,""
PHOTOKANOKDLC006/ID00188,/ID00188,188,Uncompress,,""
PHOTOKANOKDLC006/ID00189,/ID00189,189,Uncompress,,""
PHOTOKANOKDLC006/ID00190,/ID00190,190,Uncompress,,""
PHOTOKANOKDLC006/ID00191,/ID00191,191,Uncompress,,""
PHOTOKANOKDLC006/ID00192,/ID00192,192,Uncompress,,""
PHOTOKANOKDLC006/ID00193,/ID00193,193,Uncompress,,""
PHOTOKANOKDLC006/ID00194,/ID00194,194,Uncompress,,""
PHOTOKANOKDLC006/ID00195,/ID00195,195,Uncompress,,""
PHOTOKANOKDLC006/ID00196,/ID00196,196,Uncompress,,""
PHOTOKANOKDLC006/ID00197,/ID00197,197,Uncompress,,""
PHOTOKANOKDLC006/ID00198,/ID00198,198,Uncompress,,""
PHOTOKANOKDLC006/ID00199,/ID00199,199,Uncompress,,""
PHOTOKANOKDLC006/ID00200,/ID00200,200,Uncompress,,""
PHOTOKANOKDLC006/ID00201,/ID00201,201,Uncompress,,""
PHOTOKANOKDLC006/ID00202,/ID00202,202,Uncompress,,""
PHOTOKANOKDLC006/ID00203,/ID00203,203,Uncompress,,""
PHOTOKANOKDLC006/ID00204,/ID00204,204,Uncompress,,""
PHOTOKANOKDLC006/ID00205,/ID00205,205,Uncompress,,""
PHOTOKANOKDLC006/ID00206,/ID00206,206,Uncompress,,""
PHOTOKANOKDLC006/ID00207,/ID00207,207,Uncompress,,""
PHOTOKANOKDLC006/ID00208,/ID00208,208,Uncompress,,""
PHOTOKANOKDLC006/ID00209,/ID00209,209,Uncompress,,""
PHOTOKANOKDLC006/ID00210,/ID00210,210,Uncompress,,""
PHOTOKANOKDLC006/ID00211,/ID00211,211,Uncompress,,""
PHOTOKANOKDLC006/ID00212,/ID00212,212,Uncompress,,""
PHOTOKANOKDLC006/ID00213,/ID00213,213,Uncompress,,""
PHOTOKANOKDLC006/ID00214,/ID00214,214,Uncompress,,""
PHOTOKANOKDLC006/ID00215,/ID00215,215,Uncompress,,""
PHOTOKANOKDLC006/ID00216,/ID00216,216,Uncompress,,""
PHOTOKANOKDLC006/ID00217,/ID00217,217,Uncompress,,""
PHOTOKANOKDLC006/ID00218,/ID00218,218,Uncompress,,""
PHOTOKANOKDLC006/ID00219,/ID00219,219,Uncompress,,""
PHOTOKANOKDLC006/ID00220,/ID00220,220,Uncompress,,""
PHOTOKANOKDLC006/ID00221,/ID00221,221,Uncompress,,""
PHOTOKANOKDLC006/ID00222,/ID00222,222,Uncompress,,""
PHOTOKANOKDLC006/ID00223,/ID00223,223,Uncompress,,""
PHOTOKANOKDLC006/ID00224,/ID00224,224,Uncompress,,""
PHOTOKANOKDLC006/ID00225,/ID00225,225,Uncompress,,""
PHOTOKANOKDLC006/ID00226,/ID00226,226,Uncompress,,""
PHOTOKANOKDLC006/ID00227,/ID00227,227,Uncompress,,""
PHOTOKANOKDLC006/ID00228,/ID00228,228,Uncompress,,""
PHOTOKANOKDLC006/ID00229,/ID00229,229,Uncompress,,""
PHOTOKANOKDLC006/ID00230,/ID00230,230,Uncompress,,""
PHOTOKANOKDLC006/ID00231,/ID00231,231,Uncompress,,""
PHOTOKANOKDLC006/ID00232,/ID00232,232,Uncompress,,""
PHOTOKANOKDLC006/ID00233,/ID00233,233,Uncompress,,""
PHOTOKANOKDLC006/ID00234,/ID00234,234,Uncompress,,""
PHOTOKANOKDLC006/ID00235,/ID00235,235,Uncompress,,""
PHOTOKANOKDLC006/ID00236,/ID00236,236,Uncompress,,""
PHOTOKANOKDLC006/ID00237,/ID00237,237,Uncompress,,""
PHOTOKANOKDLC006/ID00238,/ID00238,238,Uncompress,,""
PHOTOKANOKDLC006/ID00239,/ID00239,239,Uncompress,,""
PHOTOKANOKDLC006/ID00240,/ID00240,240,Uncompress,,""
PHOTOKANOKDLC006/ID00241,/ID00241,241,Uncompress,,""
PHOTOKANOKDLC006/ID00242,/ID00242,242,Uncompress,,""
PHOTOKANOKDLC006/ID00243,/ID00243,243,Uncompress,,""
PHOTOKANOKDLC006/ID00244,/ID00244,244,Uncompress,,""
PHOTOKANOKDLC006/ID00245,/ID00245,245,Uncompress,,""
PHOTOKANOKDLC006/ID00246,/ID00246,246,Uncompress,,""
PHOTOKANOKDLC006/ID00247,/ID00247,247,Uncompress,,""
PHOTOKANOKDLC006/ID00248,/ID00248,248,Uncompress,,""
PHOTOKANOKDLC006/ID00249,/ID00249,249,Uncompress,,""
PHOTOKANOKDLC006/ID00250,/ID00250,250,Uncompress,,""
PHOTOKANOKDLC006/ID00251,/ID00251,251,Uncompress,,""
PHOTOKANOKDLC006/ID00252,/ID00252,252,Uncompress,,""
PHOTOKANOKDLC006/ID00253,/ID00253,253,Uncompress,,""
PHOTOKANOKDLC006/ID00254,/ID00254,254,Uncompress,,""
PHOTOKANOKDLC006/ID00255,/ID00255,255,Uncompress,,""
PHOTOKANOKDLC006/ID00256,/ID00256,256,Uncompress,,""
PHOTOKANOKDLC006/ID00257,/ID00257,257,Uncompress,,""
PHOTOKANOKDLC006/ID00258,/ID00258,258,Uncompress,,""
PHOTOKANOKDLC006/ID00259,/ID00259,259,Uncompress,,""
PHOTOKANOKDLC006/ID00260,/ID00260,260,Uncompress,,""
PHOTOKANOKDLC006/ID00261,/ID00261,261,Uncompress,,""
PHOTOKANOKDLC006/ID00262,/ID00262,262,Uncompress,,""
PHOTOKANOKDLC006/ID00263,/ID00263,263,Uncompress,,""
PHOTOKANOKDLC006/ID00264,/ID00264,264,Uncompress,,""
PHOTOKANOKDLC006/ID00265,/ID00265,265,Uncompress,,""
PHOTOKANOKDLC006/ID00266,/ID00266,266,Uncompress,,""
PHOTOKANOKDLC006/ID00267,/ID00267,267,Uncompress,,""
PHOTOKANOKDLC006/ID00268,/ID00268,268,Uncompress,,""
PHOTOKANOKDLC006/ID00269,/ID00269,269,Uncompress,,""
PHOTOKANOKDLC006/ID00270,/ID00270,270,Uncompress,,""
PHOTOKANOKDLC006/ID00271,/ID00271,271,Uncompress,,""
PHOTOKANOKDLC006/ID00272,/ID00272,272,Uncompress,,""
PHOTOKANOKDLC006/ID00273,/ID00273,273,Uncompress,,""
PHOTOKANOKDLC006/ID00274,/ID00274,274,Uncompress,,""
PHOTOKANOKDLC006/ID00275,/ID00275,275,Uncompress,,""
PHOTOKANOKDLC006/ID00276,/ID00276,276,Uncompress,,""
PHOTOKANOKDLC006/ID00277,/ID00277,277,Uncompress,,""
PHOTOKANOKDLC006/ID00278,/ID00278,278,Uncompress,,""
PHOTOKANOKDLC006/ID00279,/ID00279,279,Uncompress,,""
PHOTOKANOKDLC006/ID00280,/ID00280,280,Uncompress,,""
PHOTOKANOKDLC006/ID00281,/ID00281,281,Uncompress,,""
PHOTOKANOKDLC006/ID00282,/ID00282,282,Uncompress,,""
PHOTOKANOKDLC006/ID00283,/ID00283,283,Uncompress,,""
PHOTOKANOKDLC006/ID00284,/ID00284,284,Uncompress,,""
PHOTOKANOKDLC006/ID00285,/ID00285,285,Uncompress,,""
PHOTOKANOKDLC006/ID00286,/ID00286,286,Uncompress,,""
PHOTOKANOKDLC006/ID00287,/ID00287,287,Uncompress,,""
PHOTOKANOKDLC006/ID00288,/ID00288,288,Uncompress,,""
PHOTOKANOKDLC006/ID00289,/ID00289,289,Uncompress,,""
PHOTOKANOKDLC006/ID00290,/ID00290,290,Uncompress,,""
PHOTOKANOKDLC006/ID00291,/ID00291,291,Uncompress,,""
PHOTOKANOKDLC006/ID00292,/ID00292,292,Uncompress,,""
PHOTOKANOKDLC006/ID00293,/ID00293,293,Uncompress,,""
PHOTOKANOKDLC006/ID00294,/ID00294,294,Uncompress,,""
PHOTOKANOKDLC006/ID00295,/ID00295,295,Uncompress,,""
PHOTOKANOKDLC006/ID00296,/ID00296,296,Uncompress,,""
PHOTOKANOKDLC006/ID00297,/ID00297,297,Uncompress,,""
PHOTOKANOKDLC006/ID00298,/ID00298,298,Uncompress,,""
PHOTOKANOKDLC006/ID00299,/ID00299,299,Uncompress,,""
PHOTOKANOKDLC006/ID00300,/ID00300,300,Uncompress,,""
PHOTOKANOKDLC006/ID00301,/ID00301,301,Uncompress,,""
PHOTOKANOKDLC006/ID00302,/ID00302,302,Uncompress,,""
PHOTOKANOKDLC006/ID00303,/ID00303,303,Uncompress,,""
PHOTOKANOKDLC006/ID00304,/ID00304,304,Uncompress,,""
PHOTOKANOKDLC006/ID00305,/ID00305,305,Uncompress,,""
PHOTOKANOKDLC006/ID00306,/ID00306,306,Uncompress,,""
PHOTOKANOKDLC006/ID00307,/ID00307,307,Uncompress,,""
PHOTOKANOKDLC006/ID00308,/ID00308,308,Uncompress,,""
PHOTOKANOKDLC006/ID00309,/ID00309,309,Uncompress,,""
PHOTOKANOKDLC006/ID00310,/ID00310,310,Uncompress,,""
PHOTOKANOKDLC006/ID00311,/ID00311,311,Uncompress,,""
PHOTOKANOKDLC006/ID00312,/ID00312,312,Uncompress,,""
PHOTOKANOKDLC006/ID00313,/ID00313,313,Uncompress,,""
PHOTOKANOKDLC006/ID00314,/ID00314,314,Uncompress,,""
PHOTOKANOKDLC006/ID00315,/ID00315,315,Uncompress,,""
PHOTOKANOKDLC006/ID00316,/ID00316,316,Uncompress,,""
PHOTOKANOKDLC006/ID00317,/ID00317,317,Uncompress,,""
PHOTOKANOKDLC006/ID00318,/ID00318,318,Uncompress,,""
PHOTOKANOKDLC006/ID00319,/ID00319,319,Uncompress,,""
PHOTOKANOKDLC006/ID00320,/ID00320,320,Uncompress,,""
PHOTOKANOKDLC006/ID00321,/ID00321,321,Uncompress,,""
PHOTOKANOKDLC006/ID00322,/ID00322,322,Uncompress,,""
PHOTOKANOKDLC006/ID00323,/ID00323,323,Uncompress,,""
PHOTOKANOKDLC006/ID00324,/ID00324,324,Uncompress,,""
PHOTOKANOKDLC006/ID00325,/ID00325,325,Uncompress,,""
PHOTOKANOKDLC006/ID00326,/ID00326,326,Uncompress,,""
PHOTOKANOKDLC006/ID00327,/ID00327,327,Uncompress,,""
PHOTOKANOKDLC006/ID00328,/ID00328,328,Uncompress,,""
PHOTOKANOKDLC006/ID00329,/ID00329,329,Uncompress,,""
PHOTOKANOKDLC006/ID00330,/ID00330,330,Uncompress,,""
PHOTOKANOKDLC006/ID00331,/ID00331,331,Uncompress,,""
PHOTOKANOKDLC006/ID00332,/ID00332,332,Uncompress,,""
PHOTOKANOKDLC006/ID00333,/ID00333,333,Uncompress,,""
PHOTOKANOKDLC006/ID00334,/ID00334,334,Uncompress,,""
PHOTOKANOKDLC006/ID00335,/ID00335,335,Uncompress,,""
PHOTOKANOKDLC006/ID00336,/ID00336,336,Uncompress,,""
PHOTOKANOKDLC006/ID00337,/ID00337,337,Uncompress,,""
PHOTOKANOKDLC006/ID00338,/ID00338,338,Uncompress,,""
PHOTOKANOKDLC006/ID00339,/ID00339,339,Uncompress,,""
PHOTOKANOKDLC006/ID00340,/ID00340,340,Uncompress,,""
PHOTOKANOKDLC006/ID00341,/ID00341,341,Uncompress,,""
PHOTOKANOKDLC006/ID00342,/ID00342,342,Uncompress,,""
PHOTOKANOKDLC006/ID00343,/ID00343,343,Uncompress,,""
PHOTOKANOKDLC006/ID00344,/ID00344,344,Uncompress,,""
PHOTOKANOKDLC006/ID00345,/ID00345,345,Uncompress,,""
PHOTOKANOKDLC006/ID00346,/ID00346,346,Uncompress,,""
PHOTOKANOKDLC006/ID00347,/ID00347,347,Uncompress,,""
PHOTOKANOKDLC006/ID00348,/ID00348,348,Uncompress,,""
PHOTOKANOKDLC006/ID00349,/ID00349,349,Uncompress,,""
PHOTOKANOKDLC006/ID00350,/ID00350,350,Uncompress,,""
PHOTOKANOKDLC006/ID00351,/ID00351,351,Uncompress,,""
PHOTOKANOKDLC006/ID00352,/ID00352,352,Uncompress,,""
PHOTOKANOKDLC006/ID00353,/ID00353,353,Uncompress,,""
PHOTOKANOKDLC006/ID00354,/ID00354,354,Uncompress,,""
PHOTOKANOKDLC006/ID00355,/ID00355,355,Uncompress,,""
PHOTOKANOKDLC006/ID00356,/ID00356,356,Uncompress,,""
PHOTOKANOKDLC006/ID00357,/ID00357,357,Uncompress,,""
PHOTOKANOKDLC006/ID00358,/ID00358,358,Uncompress,,""
PHOTOKANOKDLC006/ID00359,/ID00359,359,Uncompress,,""
PHOTOKANOKDLC006/ID00360,/ID00360,360,Uncompress,,""
PHOTOKANOKDLC006/ID00361,/ID00361,361,Uncompress,,""
PHOTOKANOKDLC006/ID00362,/ID00362,362,Uncompress,,""
PHOTOKANOKDLC006/ID00363,/ID00363,363,Uncompress,,""
PHOTOKANOKDLC006/ID00364,/ID00364,364,Uncompress,,""
PHOTOKANOKDLC006/ID00365,/ID00365,365,Uncompress,,""
PHOTOKANOKDLC006/ID00366,/ID00366,366,Uncompress,,""
PHOTOKANOKDLC006/ID00367,/ID00367,367,Uncompress,,""
PHOTOKANOKDLC006/ID00368,/ID00368,368,Uncompress,,""
PHOTOKANOKDLC006/ID00369,/ID00369,369,Uncompress,,""
PHOTOKANOKDLC006/ID00370,/ID00370,370,Uncompress,,""
PHOTOKANOKDLC006/ID00371,/ID00371,371,Uncompress,,""
PHOTOKANOKDLC006/ID00372,/ID00372,372,Uncompress,,""
PHOTOKANOKDLC006/ID00373,/ID00373,373,Uncompress,,""
PHOTOKANOKDLC006/ID00374,/ID00374,374,Uncompress,,""
PHOTOKANOKDLC006/ID00375,/ID00375,375,Uncompress,,""
PHOTOKANOKDLC006/ID00376,/ID00376,376,Uncompress,,""
PHOTOKANOKDLC006/ID00377,/ID00377,377,Uncompress,,""
PHOTOKANOKDLC006/ID00378,/ID00378,378,Uncompress,,""
PHOTOKANOKDLC006/ID00379,/ID00379,379,Uncompress,,""
PHOTOKANOKDLC006/ID00380,/ID00380,380,Uncompress,,""
PHOTOKANOKDLC006/ID00381,/ID00381,381,Uncompress,,""
PHOTOKANOKDLC006/ID00382,/ID00382,382,Uncompress,,""
PHOTOKANOKDLC006/ID00383,/ID00383,383,Uncompress,,""
PHOTOKANOKDLC006/ID00384,/ID00384,384,Uncompress,,""
PHOTOKANOKDLC006/ID00385,/ID00385,385,Uncompress,,""
PHOTOKANOKDLC006/ID00386,/ID00386,386,Uncompress,,""
PHOTOKANOKDLC006/ID00387,/ID00387,387,Uncompress,,""
PHOTOKANOKDLC006/ID00388,/ID00388,388,Uncompress,,""
PHOTOKANOKDLC006/ID00389,/ID00389,389,Uncompress,,""
PHOTOKANOKDLC006/ID00390,/ID00390,390,Uncompress,,""
PHOTOKANOKDLC006/ID00391,/ID00391,391,Uncompress,,""
PHOTOKANOKDLC006/ID00392,/ID00392,392,Uncompress,,""
PHOTOKANOKDLC006/ID00393,/ID00393,393,Uncompress,,""
PHOTOKANOKDLC006/ID00394,/ID00394,394,Uncompress,,""
PHOTOKANOKDLC006/ID00395,/ID00395,395,Uncompress,,""
PHOTOKANOKDLC006/ID00396,/ID00396,396,Uncompress,,""
PHOTOKANOKDLC006/ID00397,/ID00397,397,Uncompress,,""
PHOTOKANOKDLC006/ID00404,/ID00404,404,Uncompress,,""
PHOTOKANOKDLC006/ID00405,/ID00405,405,Uncompress,,""
PHOTOKANOKDLC006/ID00406,/ID00406,406,Uncompress,,""
PHOTOKANOKDLC006/ID00407,/ID00407,407,Uncompress,,""
PHOTOKANOKDLC006/ID00408,/ID00408,408,Uncompress,,""
PHOTOKANOKDLC006/ID00409,/ID00409,409,Uncompress,,""
PHOTOKANOKDLC006/ID00410,/ID00410,410,Uncompress,,""
PHOTOKANOKDLC006/ID00411,/ID00411,411,Uncompress,,""
PHOTOKANOKDLC006/ID00412,/ID00412,412,Uncompress,,""
PHOTOKANOKDLC006/ID00413,/ID00413,413,Uncompress,,""
PHOTOKANOKDLC006/ID00414,/ID00414,414,Uncompress,,""
PHOTOKANOKDLC006/ID00415,/ID00415,415,Uncompress,,""
PHOTOKANOKDLC006/ID00416,/ID00416,416,Uncompress,,""
PHOTOKANOKDLC006/ID00417,/ID00417,417,Uncompress,,""
PHOTOKANOKDLC006/ID00418,/ID00418,418,Uncompress,,""
PHOTOKANOKDLC006/ID00419,/ID00419,419,Uncompress,,""
PHOTOKANOKDLC006/ID00420,/ID00420,420,Uncompress,,""
PHOTOKANOKDLC006/ID00421,/ID00421,421,Uncompress,,""
PHOTOKANOKDLC006/ID00422,/ID00422,422,Uncompress,,""
PHOTOKANOKDLC006/ID00423,/ID00423,423,Uncompress,,""
PHOTOKANOKDLC006/ID00424,/ID00424,424,Uncompress,,""
PHOTOKANOKDLC006/ID00425,/ID00425,425,Uncompress,,""
PHOTOKANOKDLC006/ID00426,/ID00426,426,Uncompress,,""
PHOTOKANOKDLC006/ID00427,/ID00427,427,Uncompress,,""
PHOTOKANOKDLC006/ID00428,/ID00428,428,Uncompress,,""
PHOTOKANOKDLC006/ID00429,/ID00429,429,Uncompress,,""
PHOTOKANOKDLC006/ID00430,/ID00430,430,Uncompress,,""
PHOTOKANOKDLC006/ID00431,/ID00431,431,Uncompress,,""
PHOTOKANOKDLC006/ID00432,/ID00432,432,Uncompress,,""
PHOTOKANOKDLC006/ID00433,/ID00433,433,Uncompress,,""
PHOTOKANOKDLC006/ID00434,/ID00434,434,Uncompress,,""
PHOTOKANOKDLC006/ID00435,/ID00435,435,Uncompress,,""
PHOTOKANOKDLC006/ID00436,/ID00436,436,Uncompress,,""
PHOTOKANOKDLC006/ID00437,/ID00437,437,Uncompress,,""
PHOTOKANOKDLC006/ID00438,/ID00438,438,Uncompress,,""
